"","vocab_app",""
"1","degrowth","465"
"2","growth","401"
"3","economic","344"
"4","social","289"
"5","economy","226"
"6","society","207"
"7","ecological","192"
"8","environmental","189"
"9","use","174"
"10","base","173"
"11","alternative","165"
"12","sustainable","164"
"13","need","162"
"14","development","159"
"15","argue","156"
"16","political","155"
"17","post","153"
"18","new","149"
"19","approach","147"
"20","article","147"
"21","change","144"
"22","focus","144"
"23","within","141"
"24","movement","140"
"25","policy","138"
"26","system","138"
"27","future","137"
"28","perspective","137"
"29","one","136"
"30","debate","135"
"31","sustainability","135"
"32","challenge","134"
"33","way","132"
"34","global","129"
"35","question","129"
"36","make","128"
"37","present","128"
"38","concept","123"
"39","work","121"
"40","practice","119"
"41","transition","119"
"42","increase","118"
"43","different","116"
"44","resource","116"
"45","towards","116"
"46","current","113"
"47","human","113"
"48","world","111"
"49","production","109"
"50","provide","109"
"51","potential","107"
"52","two","107"
"53","consider","106"
"54","model","104"
"55","strategy","104"
"56","consumption","103"
"57","transformation","103"
"58","first","102"
"59","analysis","101"
"60","take","101"
"61","crisis","100"
"62","point","100"
"63","context","99"
"64","limit","99"
"65","result","99"
"66","show","99"
"67","explore","98"
"68","aim","96"
"69","value","96"
"70","develop","95"
"71","discuss","95"
"72","life","95"
"73","role","95"
"74","address","94"
"75","critical","94"
"76","process","94"
"77","call","93"
"78","idea","92"
"79","propose","92"
"80","community","91"
"81","suggest","90"
"82","case","89"
"83","time","89"
"84","capitalist","88"
"85","socio","88"
"86","energy","87"
"87","form","87"
"88","lead","87"
"89","literature","87"
"90","reduce","85"
"91","framework","84"
"92","level","84"
"93","issue","83"
"94","possible","83"
"95","contribute","82"
"96","become","81"
"97","goal","81"
"98","include","81"
"99","term","81"
"100","market","80"
"101","emerge","79"
"102","offer","79"
"103","theory","79"
"104","good","78"
"105","key","78"
"106","many","78"
"107","support","78"
"108","order","77"
"109","paradigm","77"
"110","country","76"
"111","impact","76"
"112","material","76"
"113","require","75"
"114","three","75"
"115","beyond","74"
"116","identify","73"
"117","project","73"
"118","relation","72"
"119","examine","71"
"120","part","71"
"121","people","71"
"122","principle","71"
"123","exist","70"
"124","green","70"
"125","local","70"
"126","mean","70"
"127","discussion","69"
"128","environment","69"
"129","share","69"
"130","achieve","68"
"131","condition","68"
"132","find","68"
"133","justice","68"
"134","rather","68"
"135","state","68"
"136","contribution","67"
"137","critique","67"
"138","grow","67"
"139","draw","66"
"140","recent","65"
"141","scale","65"
"142","see","65"
"143","capitalism","64"
"144","cultural","64"
"145","economics","64"
"146","problem","64"
"147","urban","64"
"148","agenda","63"
"149","radical","63"
"150","structure","63"
"151","without","63"
"152","discourse","62"
"153","yet","62"
"154","activity","61"
"155","important","61"
"156","politics","61"
"157","solution","61"
"158","around","60"
"159","even","60"
"160","promote","60"
"161","implication","59"
"162","reduction","59"
"163","technology","59"
"164","common","58"
"165","example","58"
"166","less","58"
"167","must","58"
"168","view","58"
"169","face","57"
"170","far","57"
"171","high","57"
"172","might","57"
"173","relationship","57"
"174","remain","57"
"175","build","56"
"176","central","56"
"177","give","56"
"178","proposal","56"
"179","review","56"
"180","theoretical","56"
"181","experience","55"
"182","main","55"
"183","public","55"
"184","socially","55"
"185","thus","55"
"186","end","54"
"187","income","54"
"188","particular","54"
"189","response","54"
"190","shift","54"
"191","year","54"
"192","conclude","53"
"193","non","53"
"194","area","52"
"195","dominant","52"
"196","inequality","52"
"197","open","52"
"198","place","52"
"199","technological","52"
"200","activist","51"
"201","argument","51"
"202","effect","51"
"203","second","51"
"204","since","51"
"205","understand","51"
"206","academic","50"
"207","analyse","50"
"208","concern","50"
"209","continue","50"
"210","create","50"
"211","look","50"
"212","natural","50"
"213","self","50"
"214","action","49"
"215","advocate","49"
"216","among","49"
"217","attention","49"
"218","bring","49"
"219","climate_change","49"
"220","help","49"
"221","individual","49"
"222","like","49"
"223","much","49"
"224","space","49"
"225","understanding","49"
"226","whether","49"
"227","apply","48"
"228","chapter","48"
"229","necessary","48"
"230","collective","47"
"231","great","47"
"232","interest","47"
"233","low","47"
"234","outline","47"
"235","therefore","47"
"236","various","47"
"237","vision","47"
"238","democratic","46"
"239","field","46"
"240","highlight","46"
"241","imperative","46"
"242","instead","46"
"243","link","46"
"244","notion","46"
"245","reflect","46"
"246","relate","46"
"247","seek","46"
"248","set","46"
"249","large","45"
"250","measure","45"
"251","scholar","45"
"252","societal","45"
"253","think","45"
"254","actor","44"
"255","especially","44"
"256","live","44"
"257","play","44"
"258","right","44"
"259","allow","43"
"260","empirical","43"
"261","follow","43"
"262","negative","43"
"263","opportunity","43"
"264","seem","43"
"265","significant","43"
"266","today","43"
"267","basic","42"
"268","contemporary","42"
"269","eco","42"
"270","international","42"
"271","often","42"
"272","population","42"
"273","possibility","42"
"274","power","42"
"275","produce","42"
"276","regard","42"
"277","source","42"
"278","care","41"
"279","climate","41"
"280","consequence","41"
"281","dimension","41"
"282","imaginary","41"
"283","institutional","41"
"284","living","41"
"285","north","41"
"286","orient","41"
"287","plan","41"
"288","broad","40"
"289","design","40"
"290","frame","40"
"291","industrial","40"
"292","innovation","40"
"293","institution","40"
"294","move","40"
"295","objective","40"
"296","organization","40"
"297","represent","40"
"298","sector","40"
"299","turn","40"
"300","upon","40"
"301","although","39"
"302","capital","39"
"303","city","39"
"304","claim","39"
"305","due","39"
"306","element","39"
"307","four","39"
"308","insight","39"
"309","mainstream","39"
"310","path","39"
"311","planning","39"
"312","specific","39"
"313","cannot","38"
"314","engage","38"
"315","evidence","38"
"316","fundamental","38"
"317","investigate","38"
"318","management","38"
"319","science","38"
"320","unsustainable","38"
"321","aspect","37"
"322","assumption","37"
"323","business","37"
"324","despite","37"
"325","gdp","37"
"326","major","37"
"327","position","37"
"328","small","37"
"329","benefit","36"
"330","come","36"
"331","define","36"
"332","distribution","36"
"333","dynamic","36"
"334","likely","36"
"335","maintain","36"
"336","modern","36"
"337","quality","36"
"338","service","36"
"339","strong","36"
"340","account","35"
"341","along","35"
"342","cause","35"
"343","deep","35"
"344","drive","35"
"345","effort","35"
"346","enable","35"
"347","introduce","35"
"348","rise","35"
"349","scholarship","35"
"350","toward","35"
"351","analyze","34"
"352","conceptual","34"
"353","demand","34"
"354","government","34"
"355","ideology","34"
"356","involve","34"
"357","narrative","34"
"358","national","34"
"359","profit","34"
"360","reason","34"
"361","tool","34"
"362","attempt","33"
"363","compare","33"
"364","democracy","33"
"365","efficiency","33"
"366","establish","33"
"367","financial","33"
"368","historical","33"
"369","implement","33"
"370","number","33"
"371","product","33"
"372","start","33"
"373","structural","33"
"374","together","33"
"375","demonstrate","32"
"376","diverse","32"
"377","ensure","32"
"378","equitable","32"
"379","expansion","32"
"380","initiative","32"
"381","outcome","32"
"382","pattern","32"
"383","range","32"
"384","rate","32"
"385","real","32"
"386","scenario","32"
"387","wealth","32"
"388","already","31"
"389","core","31"
"390","cost","31"
"391","currently","31"
"392","decline","31"
"393","essential","31"
"394","governance","31"
"395","increasingly","31"
"396","line","31"
"397","pay","31"
"398","put","31"
"399","transformative","31"
"400","basis","30"
"401","capacity","30"
"402","contrast","30"
"403","ecologically","30"
"404","finally","30"
"405","global_south","30"
"406","imagine","30"
"407","know","30"
"408","past","30"
"409","reality","30"
"410","relevant","30"
"411","several","30"
"412","across","29"
"413","adopt","29"
"414","anti","29"
"415","associate","29"
"416","clear","29"
"417","conflict","29"
"418","crucial","29"
"419","deal","29"
"420","describe","29"
"421","direct","29"
"422","force","29"
"423","gain","29"
"424","housing","29"
"425","illustrate","29"
"426","long","29"
"427","long_term","29"
"428","planet","29"
"429","progress","29"
"430","root","29"
"431","welfare","29"
"432","wellbeing","29"
"433","western","29"
"434","advance","28"
"435","appear","28"
"436","european","28"
"437","exchange","28"
"438","extent","28"
"439","food","28"
"440","foundation","28"
"441","hand","28"
"442","importance","28"
"443","improve","28"
"444","kind","28"
"445","knowledge","28"
"446","lack","28"
"447","manage","28"
"448","reach","28"
"449","respect","28"
"450","reveal","28"
"451","tourism","28"
"452","acknowledge","27"
"453","avoid","27"
"454","century","27"
"455","culture","27"
"456","dialogue","27"
"457","economist","27"
"458","education","27"
"459","explain","27"
"460","fact","27"
"461","limitation","27"
"462","others","27"
"463","pursue","27"
"464","raise","27"
"465","recently","27"
"466","risk","27"
"467","specifically","27"
"468","target","27"
"469","thinking","27"
"470","throughput","27"
"471","transform","27"
"472","back","26"
"473","complex","26"
"474","decade","26"
"475","either","26"
"476","emission","26"
"477","factor","26"
"478","grassroots","26"
"479","indeed","26"
"480","industry","26"
"481","pathway","26"
"482","physical","26"
"483","struggle","26"
"484","type","26"
"485","accumulation","25"
"486","assess","25"
"487","certain","25"
"488","data","25"
"489","definition","25"
"490","effective","25"
"491","foster","25"
"492","function","25"
"493","gap","25"
"494","general","25"
"495","ground","25"
"496","influence","25"
"497","introduction","25"
"498","labour","25"
"499","logic","25"
"500","meet","25"
"501","particularly","25"
"502","redistribution","25"
"503","region","25"
"504","rich","25"
"505","shape","25"
"506","subject","25"
"507","systemic","25"
"508","trend","25"
"509","whose","25"
"510","carbon","24"
"511","class","24"
"512","consideration","24"
"513","environmentally","24"
"514","existence","24"
"515","expand","24"
"516","finding","24"
"517","free","24"
"518","health","24"
"519","indicator","24"
"520","land","24"
"521","largely","24"
"522","method","24"
"523","nation","24"
"524","neoliberal","24"
"525","period","24"
"526","pressure","24"
"527","private","24"
"528","qualitative","24"
"529","sense","24"
"530","similar","24"
"531","able","23"
"532","autonomy","23"
"533","civil","23"
"534","conviviality","23"
"535","counter","23"
"536","decision","23"
"537","embrace","23"
"538","ever","23"
"539","fail","23"
"540","feature","23"
"541","interpretation","23"
"542","least","23"
"543","light","23"
"544","little","23"
"545","mass","23"
"546","matter","23"
"547","mode","23"
"548","moreover","23"
"549","network","23"
"550","option","23"
"551","overcome","23"
"552","promise","23"
"553","return","23"
"554","south","23"
"555","third","23"
"556","accord","22"
"557","characteristic","22"
"558","compatible","22"
"559","connect","22"
"560","connection","22"
"561","constitute","22"
"562","debt","22"
"563","depend","22"
"564","earth","22"
"565","equity","22"
"566","europe","22"
"567","evaluate","22"
"568","generate","22"
"569","get","22"
"570","imply","22"
"571","loss","22"
"572","multiple","22"
"573","property","22"
"574","refer","22"
"575","regional","22"
"576","scientific","22"
"577","short","22"
"578","situation","22"
"579","steady_state","22"
"580","sufficiency","22"
"581","topic","22"
"582","wider","22"
"583","access","21"
"584","act","21"
"585","alliance","21"
"586","best","21"
"587","building","21"
"588","close","21"
"589","company","21"
"590","conclusion","21"
"591","concrete","21"
"592","constraint","21"
"593","convivial","21"
"594","critically","21"
"595","era","21"
"596","facilitate","21"
"597","hold","21"
"598","infrastructure","21"
"599","inspire","21"
"600","intellectual","21"
"601","occur","21"
"602","purpose","21"
"603","scarcity","21"
"604","simply","21"
"605","standard","21"
"606","sustain","21"
"607","voluntary","21"
"608","activism","20"
"609","agency","20"
"610","align","20"
"611","answer","20"
"612","articulate","20"
"613","ask","20"
"614","book","20"
"615","consume","20"
"616","cooperative","20"
"617","envision","20"
"618","extraction","20"
"619","generally","20"
"620","integrate","20"
"621","labor","20"
"622","metabolism","20"
"623","multi","20"
"624","organisation","20"
"625","organize","20"
"626","overall","20"
"627","personal","20"
"628","poverty","20"
"629","previous","20"
"630","pursuit","20"
"631","regime","20"
"632","renewable_energy","20"
"633","report","20"
"634","serve","20"
"635","simple","20"
"636","size","20"
"637","solidarity","20"
"638","thought","20"
"639","tradition","20"
"640","traditional","20"
"641","wide","20"
"642","word","20"
"643","worker","20"
"644","away","19"
"645","balance","19"
"646","barrier","19"
"647","boundary","19"
"648","capital_accumulation","19"
"649","combine","19"
"650","conduct","19"
"651","consumer","19"
"652","control","19"
"653","course","19"
"654","direction","19"
"655","downscaling","19"
"656","emphasis","19"
"657","employment","19"
"658","experiment","19"
"659","five","19"
"660","fossil_fuel","19"
"661","hegemonic","19"
"662","humanity","19"
"663","interview","19"
"664","leave","19"
"665","meaning","19"
"666","mechanism","19"
"667","normative","19"
"668","note","19"
"669","observation","19"
"670","planetary_boundary","19"
"671","positive","19"
"672","practical","19"
"673","proponent","19"
"674","prospect","19"
"675","relative","19"
"676","spatial","19"
"677","step","19"
"678","tend","19"
"679","viable","19"
"680","assessment","18"
"681","attitude","18"
"682","biophysical","18"
"683","citizen","18"
"684","construct","18"
"685","criticism","18"
"686","decouple","18"
"687","degradation","18"
"688","dependent","18"
"689","embed","18"
"690","engagement","18"
"691","hence","18"
"692","history","18"
"693","hope","18"
"694","indicate","18"
"695","injustice","18"
"696","investment","18"
"697","last","18"
"698","late","18"
"699","necessarily","18"
"700","obstacle","18"
"701","orientation","18"
"702","paradox","18"
"703","popular","18"
"704","pro","18"
"705","program","18"
"706","progressive","18"
"707","reflection","18"
"708","reform","18"
"709","relevance","18"
"710","replace","18"
"711","say","18"
"712","solve","18"
"713","spain","18"
"714","sphere","18"
"715","tension","18"
"716","theme","18"
"717","total","18"
"718","urgent","18"
"719","waste","18"
"720","actually","17"
"721","age","17"
"722","agree","17"
"723","appropriate","17"
"724","assume","17"
"725","centre","17"
"726","clearly","17"
"727","driver","17"
"728","early","17"
"729","ecology","17"
"730","entail","17"
"731","feminist","17"
"732","ideal","17"
"733","instance","17"
"734","language","17"
"735","longer","17"
"736","meaningful","17"
"737","member","17"
"738","merely","17"
"739","ongoing","17"
"740","operate","17"
"741","political_ecology","17"
"742","poor","17"
"743","put_forward","17"
"744","rapid","17"
"745","recognize","17"
"746","rely","17"
"747","rethink","17"
"748","run","17"
"749","search","17"
"750","simultaneously","17"
"751","supply","17"
"752","tackle","17"
"753","trajectory","17"
"754","try","17"
"755","understood","17"
"756","useful","17"
"757","variety","17"
"758","want","17"
"759","adapt","16"
"760","agriculture","16"
"761","almost","16"
"762","analytical","16"
"763","application","16"
"764","bad","16"
"765","barcelona","16"
"766","begin","16"
"767","break","16"
"768","characterize","16"
"769","collapse","16"
"770","competition","16"
"771","construction","16"
"772","conventional","16"
"773","criterion","16"
"774","determine","16"
"775","dominate","16"
"776","encourage","16"
"777","ethical","16"
"778","extend","16"
"779","feasible","16"
"780","furthermore","16"
"781","geography","16"
"782","gross_domestic","16"
"783","guide","16"
"784","happen","16"
"785","happiness","16"
"786","inevitable","16"
"787","kallis","16"
"788","latter","16"
"789","lesson","16"
"790","namely","16"
"791","nevertheless","16"
"792","oppose","16"
"793","receive","16"
"794","regulation","16"
"795","reproduce","16"
"796","resident","16"
"797","resistance","16"
"798","responsible","16"
"799","scientist","16"
"800","slow","16"
"801","socialist","16"
"802","stock","16"
"803","though","16"
"804","trade","16"
"805","add","15"
"806","alone","15"
"807","another","15"
"808","autonomous","15"
"809","available","15"
"810","background","15"
"811","behaviour","15"
"812","behind","15"
"813","broadly","15"
"814","choice","15"
"815","coalition","15"
"816","comprehensive","15"
"817","conception","15"
"818","conference","15"
"819","dependence","15"
"820","difficult","15"
"821","ethic","15"
"822","expect","15"
"823","fall","15"
"824","flow","15"
"825","generation","15"
"826","impose","15"
"827","intervention","15"
"828","island","15"
"829","keep","15"
"830","law","15"
"831","learn","15"
"832","let","15"
"833","lifestyle","15"
"834","mainly","15"
"835","monetary","15"
"836","money","15"
"837","neither","15"
"838","organise","15"
"839","phenomenon","15"
"840","planetary","15"
"841","primary","15"
"842","productivity","15"
"843","protection","15"
"844","provision","15"
"845","radically","15"
"846","reconcile","15"
"847","researcher","15"
"848","rural","15"
"849","small_scale","15"
"850","special_issue","15"
"851","tax","15"
"852","technical","15"
"853","thing","15"
"854","ultimately","15"
"855","widely","15"
"856","addition","14"
"857","advanced","14"
"858","arrangement","14"
"859","awareness","14"
"860","bear","14"
"861","buen_vivir","14"
"862","carry","14"
"863","collectively","14"
"864","colonial","14"
"865","combination","14"
"866","consistent","14"
"867","consumerism","14"
"868","contradiction","14"
"869","critic","14"
"870","cross","14"
"871","cycle","14"
"872","damage","14"
"873","defend","14"
"874","destructive","14"
"875","difference","14"
"876","efficient","14"
"877","emergent","14"
"878","employ","14"
"879","feasibility","14"
"880","firm","14"
"881","fuel","14"
"882","full","14"
"883","geographical","14"
"884","highly","14"
"885","ignore","14"
"886","iii","14"
"887","implementation","14"
"888","incorporate","14"
"889","inform","14"
"890","lens","14"
"891","methodology","14"
"892","middle","14"
"893","miss","14"
"894","name","14"
"895","outside","14"
"896","politically","14"
"897","pollution","14"
"898","pose","14"
"899","prioritize","14"
"900","problematic","14"
"901","quantitative","14"
"902","recognition","14"
"903","reference","14"
"904","relatively","14"
"905","reproduction","14"
"906","rest","14"
"907","scope","14"
"908","side","14"
"909","something","14"
"910","stand","14"
"911","strategic","14"
"912","success","14"
"913","thesis","14"
"914","utopian","14"
"915","versus","14"
"916","actively","13"
"917","beneficial","13"
"918","bottom","13"
"919","center","13"
"920","commoning","13"
"921","conservation","13"
"922","deliver","13"
"923","depth","13"
"924","desirable","13"
"925","desire","13"
"926","directly","13"
"927","discipline","13"
"928","diversity","13"
"929","ecosystem","13"
"930","elite","13"
"931","emergence","13"
"932","explicitly","13"
"933","exploitation","13"
"934","freedom","13"
"935","german","13"
"936","germany","13"
"937","hypothesis","13"
"938","ideological","13"
"939","information","13"
"940","instrument","13"
"941","intensive","13"
"942","job","13"
"943","macro","13"
"944","modernity","13"
"945","necessity","13"
"946","neglect","13"
"947","output","13"
"948","ownership","13"
"949","paradigmatic","13"
"950","participant","13"
"951","participation","13"
"952","philosophy","13"
"953","pre","13"
"954","productive","13"
"955","proposition","13"
"956","publication","13"
"957","reaction","13"
"958","reinforce","13"
"959","respond","13"
"960","responsibility","13"
"961","separate","13"
"962","seriously","13"
"963","southern","13"
"964","special","13"
"965","stop","13"
"966","successful","13"
"967","suggestion","13"
"968","surplus","13"
"969","survey","13"
"970","systematic","13"
"971","test","13"
"972","top","13"
"973","transport","13"
"974","uncertainty","13"
"975","underpin","13"
"976","universal","13"
"977","water","13"
"978","whole","13"
"979","write","13"
"980","arguably","12"
"981","big","12"
"982","body","12"
"983","brief","12"
"984","choose","12"
"985","collaborative","12"
"986","communication","12"
"987","conceive","12"
"988","considerable","12"
"989","creation","12"
"990","currency","12"
"991","decision_making","12"
"992","destruction","12"
"993","distribute","12"
"994","emphasize","12"
"995","endless","12"
"996","evident","12"
"997","express","12"
"998","fair","12"
"999","forward","12"
"1000","fully","12"
"1001","impossible","12"
"1002","indigenous","12"
"1003","initial","12"
"1004","macroeconomic","12"
"1005","majority","12"
"1006","medium","12"
"1007","mention","12"
"1008","metabolic","12"
"1009","mobility","12"
"1010","motivate","12"
"1011","original","12"
"1012","participatory","12"
"1013","perceive","12"
"1014","planner","12"
"1015","plausible","12"
"1016","postgrowth","12"
"1017","profound","12"
"1018","push","12"
"1019","recession","12"
"1020","reject","12"
"1021","satisfaction","12"
"1022","scheme","12"
"1023","school","12"
"1024","significantly","12"
"1025","site","12"
"1026","skill","12"
"1027","status","12"
"1028","strengthen","12"
"1029","substitute","12"
"1030","sufficient","12"
"1031","techno","12"
"1032","truly","12"
"1033","underlie","12"
"1034","underlying","12"
"1035","unit","12"
"1036","valuable","12"
"1037","abandon","11"
"1038","ability","11"
"1039","abundance","11"
"1040","accept","11"
"1041","agent","11"
"1042","ally","11"
"1043","always","11"
"1044","average","11"
"1045","belief","11"
"1046","capture","11"
"1047","certainly","11"
"1048","classical","11"
"1049","complete","11"
"1050","compromise","11"
"1051","corporate","11"
"1052","covid","11"
"1053","decrease","11"
"1054","degree","11"
"1055","distinguish","11"
"1056","egalitarian","11"
"1057","essay","11"
"1058","every","11"
"1059","favour","11"
"1060","figure","11"
"1061","footprint","11"
"1062","formulate","11"
"1063","framing","11"
"1064","france","11"
"1065","french","11"
"1066","fulfil","11"
"1067","gender","11"
"1068","home","11"
"1069","hour","11"
"1070","household","11"
"1071","incompatible","11"
"1072","india","11"
"1073","interpret","11"
"1074","journal","11"
"1075","legal","11"
"1076","lie","11"
"1077","livelihood","11"
"1078","massive","11"
"1079","mitigation","11"
"1080","mobilize","11"
"1081","narrow","11"
"1082","neoliberalism","11"
"1083","norm","11"
"1084","nothing","11"
"1085","old","11"
"1086","origin","11"
"1087","originate","11"
"1088","overview","11"
"1089","participate","11"
"1090","premise","11"
"1091","prevent","11"
"1092","professional","11"
"1093","realize","11"
"1094","related","11"
"1095","resilience","11"
"1096","section","11"
"1097","secure","11"
"1098","series","11"
"1099","shrink","11"
"1100","single","11"
"1101","socialism","11"
"1102","sound","11"
"1103","text","11"
"1104","thereby","11"
"1105","threat","11"
"1106","united","11"
"1107","version","11"
"1108","wealthy","11"
"1109","woman","11"
"1110","affect","10"
"1111","affluent","10"
"1112","allocation","10"
"1113","bio","10"
"1114","breakdown","10"
"1115","briefly","10"
"1116","category","10"
"1117","cite","10"
"1118","coherent","10"
"1119","comment","10"
"1120","commentary","10"
"1121","commitment","10"
"1122","complement","10"
"1123","conceptualize","10"
"1124","confront","10"
"1125","consist","10"
"1126","conversation","10"
"1127","cooperation","10"
"1128","corporation","10"
"1129","decolonial","10"
"1130","dedicate","10"
"1131","deeply","10"
"1132","derive","10"
"1133","distinction","10"
"1134","divide","10"
"1135","effectively","10"
"1136","ethnographic","10"
"1137","evaluation","10"
"1138","evolve","10"
"1139","expectation","10"
"1140","fit","10"
"1141","fundamentally","10"
"1142","globalization","10"
"1143","govern","10"
"1144","hierarchy","10"
"1145","independent","10"
"1146","inherent","10"
"1147","integration","10"
"1148","interaction","10"
"1149","internal","10"
"1150","invest","10"
"1151","japan","10"
"1152","latouche","10"
"1153","mitigate","10"
"1154","moral","10"
"1155","motif","10"
"1156","net","10"
"1157","next","10"
"1158","northern","10"
"1159","paris","10"
"1160","party","10"
"1161","per","10"
"1162","per_caput","10"
"1163","platform","10"
"1164","preliminary","10"
"1165","presence","10"
"1166","primarily","10"
"1167","programme","10"
"1168","prosperity_without","10"
"1169","rationale","10"
"1170","reading","10"
"1171","rebound_effect","10"
"1172","reciprocity","10"
"1173","recognise","10"
"1174","rejection","10"
"1175","rule","10"
"1176","security","10"
"1177","serious","10"
"1178","seven","10"
"1179","socioecological","10"
"1180","stimulate","10"
"1181","strand","10"
"1182","substantial","10"
"1183","systematically","10"
"1184","technique","10"
"1185","throughout","10"
"1186","trace","10"
"1187","transformational","10"
"1188","translate","10"
"1189","unique","10"
"1190","voice","10"
"1191","voluntary_simplicity","10"
"1192","war","10"
"1193","zero","10"
"1194","absence","9"
"1195","accordingly","9"
"1196","aggregate","9"
"1197","american","9"
"1198","architecture","9"
"1199","association","9"
"1200","blind","9"
"1201","bridge","9"
"1202","burden","9"
"1203","business_usual","9"
"1204","called","9"
"1205","capable","9"
"1206","catastrophic","9"
"1207","circular","9"
"1208","clarify","9"
"1209","collection","9"
"1210","commodification","9"
"1211","competitive","9"
"1212","consensus","9"
"1213","contend","9"
"1214","contraction","9"
"1215","contrary","9"
"1216","convergence","9"
"1217","cover","9"
"1218","creative","9"
"1219","criticize","9"
"1220","cut","9"
"1221","decolonize","9"
"1222","dependency","9"
"1223","desirability","9"
"1224","disaster","9"
"1225","distinct","9"
"1226","document","9"
"1227","easily","9"
"1228","economically","9"
"1229","elaborate","9"
"1230","empirically","9"
"1231","enrich","9"
"1232","entry","9"
"1233","environmentalism","9"
"1234","environmentalist","9"
"1235","equality","9"
"1236","equally","9"
"1237","equilibrium","9"
"1238","establishment","9"
"1239","exacerbate","9"
"1240","examination","9"
"1241","exemplify","9"
"1242","explicit","9"
"1243","exploration","9"
"1244","expose","9"
"1245","external","9"
"1246","fast","9"
"1247","fear","9"
"1248","final","9"
"1249","finance","9"
"1250","finite","9"
"1251","friendly","9"
"1252","frontier","9"
"1253","happy","9"
"1254","hegemony","9"
"1255","hickel","9"
"1256","holistic","9"
"1257","identity","9"
"1258","implies","9"
"1259","importantly","9"
"1260","inclusion","9"
"1261","increased","9"
"1262","initiate","9"
"1263","innovative","9"
"1264","input","9"
"1265","inspiration","9"
"1266","integral","9"
"1267","intentional","9"
"1268","intersection","9"
"1269","italy","9"
"1270","justify","9"
"1271","label","9"
"1272","last_decade","9"
"1273","later","9"
"1274","leader","9"
"1275","leisure","9"
"1276","liberal","9"
"1277","maker","9"
"1278","manifesto","9"
"1279","manner","9"
"1280","marxist","9"
"1281","mind","9"
"1282","mostly","9"
"1283","novel","9"
"1284","numerous","9"
"1285","oil","9"
"1286","organizational","9"
"1287","overlap","9"
"1288","overtourism","9"
"1289","peer","9"
"1290","posit","9"
"1291","potentially","9"
"1292","powerful","9"
"1293","practitioner","9"
"1294","precisely","9"
"1295","preference","9"
"1296","previously","9"
"1297","price","9"
"1298","priority","9"
"1299","proceed","9"
"1300","promotion","9"
"1301","protest","9"
"1302","rapidly","9"
"1303","really","9"
"1304","reconstruction","9"
"1305","reduced","9"
"1306","requirement","9"
"1307","reverse","9"
"1308","revolution","9"
"1309","sake","9"
"1310","save","9"
"1311","secondly","9"
"1312","selective","9"
"1313","serge_latouche","9"
"1314","setting","9"
"1315","signal","9"
"1316","situate","9"
"1317","sometimes","9"
"1318","spanish","9"
"1319","stability","9"
"1320","stake","9"
"1321","strive","9"
"1322","sub","9"
"1323","suitable","9"
"1324","surround","9"
"1325","survival","9"
"1326","task","9"
"1327","territory","9"
"1328","tourist","9"
"1329","town","9"
"1330","typically","9"
"1331","via","9"
"1332","volume","9"
"1333","wage","9"
"1334","welcome","9"
"1335","whilst","9"
"1336","worldviews","9"
"1337","active","8"
"1338","advancement","8"
"1339","advantage","8"
"1340","affluence","8"
"1341","agricultural","8"
"1342","animal","8"
"1343","anthropocene","8"
"1344","appeal","8"
"1345","arise","8"
"1346","aspiration","8"
"1347","austerity","8"
"1348","authority","8"
"1349","availability","8"
"1350","biodiversity","8"
"1351","blue","8"
"1352","chance","8"
"1353","character","8"
"1354","characterise","8"
"1355","china","8"
"1356","civilization","8"
"1357","commercial","8"
"1358","commodity","8"
"1359","compatibility","8"
"1360","component","8"
"1361","conceptualise","8"
"1362","conceptualization","8"
"1363","configuration","8"
"1364","conscious","8"
"1365","constant","8"
"1366","continuous","8"
"1367","contributor","8"
"1368","croissance","8"
"1369","day","8"
"1370","demographic","8"
"1371","detail","8"
"1372","developed","8"
"1373","devote","8"
"1374","digital","8"
"1375","distributive","8"
"1376","domination","8"
"1377","ecofeminist","8"
"1378","elucidate","8"
"1379","emancipatory","8"
"1380","embody","8"
"1381","employee","8"
"1382","endeavour","8"
"1383","european_union","8"
"1384","everyday","8"
"1385","evolution","8"
"1386","expression","8"
"1387","extractivism","8"
"1388","failure","8"
"1389","favor","8"
"1390","flourishing","8"
"1391","following","8"
"1392","formal","8"
"1393","former","8"
"1394","frugal","8"
"1395","harm","8"
"1396","healthy","8"
"1397","hop","8"
"1398","illuminate","8"
"1399","image","8"
"1400","improvement","8"
"1401","inclusive","8"
"1402","interdisciplinary","8"
"1403","interested","8"
"1404","interesting","8"
"1405","investigation","8"
"1406","labour_productivity","8"
"1407","lay","8"
"1408","legitimize","8"
"1409","likewise","8"
"1410","localize","8"
"1411","locally","8"
"1412","locate","8"
"1413","lower","8"
"1414","maintenance","8"
"1415","making","8"
"1416","marginal","8"
"1417","marx","8"
"1418","meanwhile","8"
"1419","mere","8"
"1420","methodological","8"
"1421","micro","8"
"1422","myth","8"
"1423","nexus","8"
"1424","none","8"
"1425","object","8"
"1426","operation","8"
"1427","overconsumption","8"
"1428","per_se","8"
"1429","perform","8"
"1430","perhaps","8"
"1431","planned","8"
"1432","polanyi","8"
"1433","politician","8"
"1434","politico","8"
"1435","populism","8"
"1436","prefer","8"
"1437","prevalent","8"
"1438","prominent","8"
"1439","quantity","8"
"1440","quest","8"
"1441","quite","8"
"1442","rarely","8"
"1443","rationality","8"
"1444","read","8"
"1445","record","8"
"1446","redistributive","8"
"1447","relational","8"
"1448","render","8"
"1449","reorient","8"
"1450","repair","8"
"1451","representation","8"
"1452","representative","8"
"1453","resist","8"
"1454","restriction","8"
"1455","revolutionary","8"
"1456","scarce","8"
"1457","sell","8"
"1458","severe","8"
"1459","sharing","8"
"1460","socioeconomic","8"
"1461","sociology","8"
"1462","solar","8"
"1463","speak","8"
"1464","specie","8"
"1465","subsequently","8"
"1466","summarize","8"
"1467","tendency","8"
"1468","theorise","8"
"1469","threaten","8"
"1470","tie","8"
"1471","title","8"
"1472","trap","8"
"1473","treat","8"
"1474","trigger","8"
"1475","unequal","8"
"1476","university","8"
"1477","unsustainability","8"
"1478","usually","8"
"1479","utopia","8"
"1480","viability","8"
"1481","whereas","8"
"1482","widespread","8"
"1483","worldwide","8"
"1484","absolute","7"
"1485","accelerate","7"
"1486","actual","7"
"1487","adaptation","7"
"1488","adequate","7"
"1489","albeit","7"
"1490","america","7"
"1491","amount","7"
"1492","arena","7"
"1493","associated","7"
"1494","authoritarian","7"
"1495","believe","7"
"1496","brazil","7"
"1497","causal","7"
"1498","clean","7"
"1499","club_rome","7"
"1500","collaboration","7"
"1501","commonly","7"
"1502","comparison","7"
"1503","compete","7"
"1504","complementarity","7"
"1505","complementary","7"
"1506","completely","7"
"1507","complexity","7"
"1508","concentrate","7"
"1509","conceptualisation","7"
"1510","conceptually","7"
"1511","consequently","7"
"1512","consistently","7"
"1513","constrain","7"
"1514","contain","7"
"1515","content","7"
"1516","contradictory","7"
"1517","controversial","7"
"1518","converge","7"
"1519","corresponding","7"
"1520","couple","7"
"1521","covid_pandemic","7"
"1522","cuba","7"
"1523","decentralize","7"
"1524","decolonization","7"
"1525","degrow","7"
"1526","deliberate","7"
"1527","deliberative","7"
"1528","destination","7"
"1529","discursive","7"
"1530","discus","7"
"1531","dismiss","7"
"1532","divergence","7"
"1533","dominance","7"
"1534","double","7"
"1535","ecologist","7"
"1536","editorial","7"
"1537","emergency","7"
"1538","emphasise","7"
"1539","english","7"
"1540","enter","7"
"1541","equivalent","7"
"1542","event","7"
"1543","eventually","7"
"1544","exceed","7"
"1545","excessive","7"
"1546","exercise","7"
"1547","expense","7"
"1548","extensive","7"
"1549","extract","7"
"1550","extractive","7"
"1551","fashion","7"
"1552","fix","7"
"1553","forge","7"
"1554","forum","7"
"1555","gather","7"
"1556","grant","7"
"1557","greece","7"
"1558","greenhouse_gas","7"
"1559","half","7"
"1560","hard","7"
"1561","harmful","7"
"1562","historically","7"
"1563","identifies","7"
"1564","implicitly","7"
"1565","indirect","7"
"1566","indispensable","7"
"1567","industrialized","7"
"1568","insist","7"
"1569","intend","7"
"1570","intensity","7"
"1571","intention","7"
"1572","interrogate","7"
"1573","jackson","7"
"1574","left","7"
"1575","lose","7"
"1576","machine","7"
"1577","magnitude","7"
"1578","manufacturing","7"
"1579","map","7"
"1580","margin","7"
"1581","marine","7"
"1582","matrix","7"
"1583","maximum","7"
"1584","meadow","7"
"1585","message","7"
"1586","mid","7"
"1587","million","7"
"1588","minimum","7"
"1589","mining","7"
"1590","modest","7"
"1591","momentum","7"
"1592","motivation","7"
"1593","multidimensional","7"
"1594","neo","7"
"1595","neo_liberal","7"
"1596","never","7"
"1597","notably","7"
"1598","obvious","7"
"1599","ontology","7"
"1600","organisational","7"
"1601","otherwise","7"
"1602","pandemic","7"
"1603","payment","7"
"1604","periphery","7"
"1605","perpetual","7"
"1606","perpetuate","7"
"1607","perspectives","7"
"1608","phase","7"
"1609","piece","7"
"1610","point_departure","7"
"1611","praxis","7"
"1612","predicament","7"
"1613","predominantly","7"
"1614","preserve","7"
"1615","privilege","7"
"1616","probably","7"
"1617","promising","7"
"1618","proportion","7"
"1619","protect","7"
"1620","prove","7"
"1621","realm","7"
"1622","recycle","7"
"1623","redefine","7"
"1624","remove","7"
"1625","renewable","7"
"1626","resolve","7"
"1627","safe","7"
"1628","scholarly","7"
"1629","similarly","7"
"1630","sketch","7"
"1631","slogan","7"
"1632","societies","7"
"1633","somehow","7"
"1634","sort","7"
"1635","spend","7"
"1636","spot","7"
"1637","stage","7"
"1638","stakeholder","7"
"1639","starting_point","7"
"1640","statement","7"
"1641","stay","7"
"1642","stem","7"
"1643","story","7"
"1644","stream","7"
"1645","stress","7"
"1646","strongly","7"
"1647","subordinate","7"
"1648","subsidy","7"
"1649","succeed","7"
"1650","successfully","7"
"1651","supply_chain","7"
"1652","surface","7"
"1653","survive","7"
"1654","temperature","7"
"1655","theorist","7"
"1656","thinker","7"
"1657","thrive","7"
"1658","typical","7"
"1659","undermine","7"
"1660","united_nation","7"
"1661","unpaid","7"
"1662","unplanned","7"
"1663","unprecedented","7"
"1664","urbanisation","7"
"1665","vast","7"
"1666","vibrant","7"
"1667","visible","7"
"1668","working","7"
"1669","worth","7"
"1670","absolute_decoupling","6"
"1671","accessible","6"
"1672","accompany","6"
"1673","achievement","6"
"1674","africa","6"
"1675","agrarian","6"
"1676","alienation","6"
"1677","alongside","6"
"1678","alter","6"
"1679","apparent","6"
"1680","archaeology","6"
"1681","avenue","6"
"1682","balanced","6"
"1683","billion","6"
"1684","birth","6"
"1685","border","6"
"1686","canada","6"
"1687","carefully","6"
"1688","centric","6"
"1689","champion","6"
"1690","circle","6"
"1691","clash","6"
"1692","closely","6"
"1693","co_emission","6"
"1694","communal","6"
"1695","compensate","6"
"1696","competitiveness","6"
"1697","complicate","6"
"1698","confirm","6"
"1699","contingent","6"
"1700","correct","6"
"1701","criticise","6"
"1702","date","6"
"1703","deconstruction","6"
"1704","decoupling","6"
"1705","desired","6"
"1706","determinant","6"
"1707","determination","6"
"1708","difficulty","6"
"1709","diminish","6"
"1710","disagree","6"
"1711","disruption","6"
"1712","division","6"
"1713","driven","6"
"1714","ecuador","6"
"1715","educational","6"
"1716","eliminate","6"
"1717","elsewhere","6"
"1718","emotional","6"
"1719","encompass","6"
"1720","enhance","6"
"1721","entire","6"
"1722","epistemology","6"
"1723","equal","6"
"1724","equitable_downscaling","6"
"1725","estate","6"
"1726","ethos","6"
"1727","everything","6"
"1728","exclude","6"
"1729","exhibit","6"
"1730","existential","6"
"1731","expenditure","6"
"1732","externality","6"
"1733","extreme","6"
"1734","family","6"
"1735","fieldwork","6"
"1736","finding_indicate","6"
"1737","finite_planet","6"
"1738","fossil","6"
"1739","foundational","6"
"1740","fourth","6"
"1741","game","6"
"1742","gear","6"
"1743","globally","6"
"1744","globe","6"
"1745","hinder","6"
"1746","house","6"
"1747","illich","6"
"1748","imagination","6"
"1749","individualism","6"
"1750","infinite","6"
"1751","instability","6"
"1752","intense","6"
"1753","intergenerational","6"
"1754","ipcc","6"
"1755","latin_america","6"
"1756","launch","6"
"1757","leverage","6"
"1758","liberation","6"
"1759","localise","6"
"1760","london","6"
"1761","manager","6"
"1762","manifest","6"
"1763","manufacture","6"
"1764","municipality","6"
"1765","mutual","6"
"1766","neutrality","6"
"1767","nonhuman","6"
"1768","nuclear","6"
"1769","obligation","6"
"1770","observe","6"
"1771","occupy","6"
"1772","ocean","6"
"1773","official","6"
"1774","offset","6"
"1775","ontological","6"
"1776","opening","6"
"1777","oppositional","6"
"1778","opt","6"
"1779","overlook","6"
"1780","panel","6"
"1781","parameter","6"
"1782","partial","6"
"1783","percent","6"
"1784","perception","6"
"1785","permanent","6"
"1786","pioneer","6"
"1787","plea","6"
"1788","pluriversal","6"
"1789","policymakers","6"
"1790","possibly","6"
"1791","postulate","6"
"1792","precondition","6"
"1793","prevention","6"
"1794","producer","6"
"1795","profoundly","6"
"1796","prominence","6"
"1797","prosperity","6"
"1798","provisioning","6"
"1799","psychological","6"
"1800","psychology","6"
"1801","publicly","6"
"1802","race","6"
"1803","regardless","6"
"1804","regulatory","6"
"1805","rent","6"
"1806","required","6"
"1807","revenue","6"
"1808","revisit","6"
"1809","sample","6"
"1810","sdgs","6"
"1811","sea","6"
"1812","sectoral","6"
"1813","sensitive","6"
"1814","settlement","6"
"1815","shareholder","6"
"1816","sharp","6"
"1817","somewhat","6"
"1818","soon","6"
"1819","sovereignty","6"
"1820","st_century","6"
"1821","stable","6"
"1822","stance","6"
"1823","standpoint","6"
"1824","structurally","6"
"1825","subsequent","6"
"1826","subsistence","6"
"1827","suffer","6"
"1828","sustained","6"
"1829","sweden","6"
"1830","synergy","6"
"1831","technocratic","6"
"1832","tell","6"
"1833","th_century","6"
"1834","theoretically","6"
"1835","thorough","6"
"1836","thousand","6"
"1837","threshold","6"
"1838","transaction","6"
"1839","transcend","6"
"1840","travel","6"
"1841","true","6"
"1842","trust","6"
"1843","twenty","6"
"1844","ultimate","6"
"1845","undesirable","6"
"1846","unemployment","6"
"1847","unfold","6"
"1848","union","6"
"1849","unlikely","6"
"1850","unlimited","6"
"1851","village","6"
"1852","violence","6"
"1853","wait","6"
"1854","warn","6"
"1855","weak","6"
"1856","whereby","6"
"1857","white","6"
"1858","working_hour","6"
"1859","wrong","6"
"1860","zone","6"
"1861","absolutely","5"
"1862","academia","5"
"1863","acceptable","5"
"1864","additional","5"
"1865","adoption","5"
"1866","advocacy","5"
"1867","afford","5"
"1868","african","5"
"1869","air","5"
"1870","alienate","5"
"1871","alignment","5"
"1872","ambition","5"
"1873","amongst","5"
"1874","annual","5"
"1875","anthropogenic","5"
"1876","anthropological","5"
"1877","anthropology","5"
"1878","anti_colonial","5"
"1879","anticipate","5"
"1880","apolitical","5"
"1881","appropriation","5"
"1882","arrive","5"
"1883","atmosphere","5"
"1884","attribute","5"
"1885","backdrop","5"
"1886","ban","5"
"1887","bank","5"
"1888","basically","5"
"1889","behavior","5"
"1890","belong","5"
"1891","bhutan","5"
"1892","bias","5"
"1893","biosphere","5"
"1894","bit","5"
"1895","block","5"
"1896","budget","5"
"1897","campaign","5"
"1898","canadian","5"
"1899","cap","5"
"1900","capitalistic","5"
"1901","car","5"
"1902","carbon_dioxide","5"
"1903","careful","5"
"1904","caring","5"
"1905","castoriadis","5"
"1906","catch","5"
"1907","challenging","5"
"1908","child","5"
"1909","circularity","5"
"1910","cluster","5"
"1911","co_optation","5"
"1912","coastal","5"
"1913","cohousing","5"
"1914","comparative","5"
"1915","compel","5"
"1916","comprise","5"
"1917","conflate","5"
"1918","consolidate","5"
"1919","constructive","5"
"1920","contest","5"
"1921","contested","5"
"1922","correspond","5"
"1923","database","5"
"1924","decarbonization","5"
"1925","declaration","5"
"1926","deconstruct","5"
"1927","deem","5"
"1928","degrowing","5"
"1929","degrowthers","5"
"1930","dematerialize","5"
"1931","democratically","5"
"1932","deny","5"
"1933","depict","5"
"1934","depletion","5"
"1935","deploy","5"
"1936","depression","5"
"1937","description","5"
"1938","destroy","5"
"1939","detailed","5"
"1940","dichotomy","5"
"1941","diet","5"
"1942","differently","5"
"1943","dilemma","5"
"1944","dismantle","5"
"1945","display","5"
"1946","disposal","5"
"1947","dramatically","5"
"1948","east","5"
"1949","easy","5"
"1950","ecomodernist","5"
"1951","ecosocial","5"
"1952","election","5"
"1953","emotion","5"
"1954","empower","5"
"1955","encounter","5"
"1956","enormous","5"
"1957","entity","5"
"1958","entrepreneur","5"
"1959","envisage","5"
"1960","epistemic","5"
"1961","escape","5"
"1962","essence","5"
"1963","estimate","5"
"1964","excess","5"
"1965","exclusively","5"
"1966","expensive","5"
"1967","experimental","5"
"1968","experimentation","5"
"1969","explanation","5"
"1970","exploratory","5"
"1971","extension","5"
"1972","eye","5"
"1973","failing","5"
"1974","fee","5"
"1975","feminism","5"
"1976","fertile","5"
"1977","fiction","5"
"1978","financing","5"
"1979","fiscal","5"
"1980","fishery","5"
"1981","flexible","5"
"1982","flourish","5"
"1983","formation","5"
"1984","formulation","5"
"1985","found","5"
"1986","fruitful","5"
"1987","functioning","5"
"1988","fund","5"
"1989","funding","5"
"1990","gain_traction","5"
"1991","genuine","5"
"1992","geo","5"
"1993","georgescu_roegen","5"
"1994","ghg_emission","5"
"1995","grand","5"
"1996","grasp","5"
"1997","greatly","5"
"1998","greek","5"
"1999","guarantee","5"
"2000","guidance","5"
"2001","habit","5"
"2002","hall","5"
"2003","hardly","5"
"2004","harness","5"
"2005","heterogeneous","5"
"2006","hidden","5"
"2007","hint","5"
"2008","hitherto","5"
"2009","huber","5"
"2010","huge","5"
"2011","implicit","5"
"2012","incentive","5"
"2013","induce","5"
"2014","inevitably","5"
"2015","inhabitant","5"
"2016","inner","5"
"2017","input_output","5"
"2018","inquiry","5"
"2019","instrumental","5"
"2020","integrity","5"
"2021","intensify","5"
"2022","inter","5"
"2023","interpretative","5"
"2024","interrelated","5"
"2025","landscape","5"
"2026","learning","5"
"2027","lived","5"
"2028","localism","5"
"2029","location","5"
"2030","lock","5"
"2031","mapping","5"
"2032","maritime","5"
"2033","mark","5"
"2034","materialist","5"
"2035","maximize","5"
"2036","meat","5"
"2037","mexico","5"
"2038","mission","5"
"2039","mix","5"
"2040","mixed","5"
"2041","modernization","5"
"2042","mutually","5"
"2043","nationally","5"
"2044","naturally","5"
"2045","neighbourhood","5"
"2046","neoclassical","5"
"2047","neutral","5"
"2048","niche","5"
"2049","nonetheless","5"
"2050","online","5"
"2051","opinion","5"
"2052","opposition","5"
"2053","overarch","5"
"2054","parallel","5"
"2055","paris_agreement","5"
"2056","part_parcel","5"
"2057","partly","5"
"2058","performance","5"
"2059","persistent","5"
"2060","philosophical","5"
"2061","pillar","5"
"2062","pitfall","5"
"2063","pivotal","5"
"2064","politicize","5"
"2065","pragmatic","5"
"2066","prediction","5"
"2067","prefigurative","5"
"2068","prepare","5"
"2069","prevalence","5"
"2070","pricing","5"
"2071","primacy","5"
"2072","procedure","5"
"2073","profile","5"
"2074","prosperous","5"
"2075","racism","5"
"2076","ratio","5"
"2077","realisation","5"
"2078","reconsideration","5"
"2079","redistribute","5"
"2080","renew","5"
"2081","renewal","5"
"2082","reserve","5"
"2083","reshape","5"
"2084","respectively","5"
"2085","restrict","5"
"2086","retain","5"
"2087","right_wing","5"
"2088","road","5"
"2089","robbins","5"
"2090","room","5"
"2091","sacrifice","5"
"2092","satisfy","5"
"2093","scrutinize","5"
"2094","scrutiny","5"
"2095","select","5"
"2096","shed","5"
"2097","shock","5"
"2098","shortcoming","5"
"2099","similarity","5"
"2100","six","5"
"2101","speaking","5"
"2102","spring","5"
"2103","squat","5"
"2104","stabilize","5"
"2105","status_quo","5"
"2106","stock_flow","5"
"2107","substantive","5"
"2108","sustainably","5"
"2109","sympathetic","5"
"2110","synthesis","5"
"2111","talk","5"
"2112","territorial","5"
"2113","thematic","5"
"2114","timely","5"
"2115","track","5"
"2116","transfer","5"
"2117","transitional","5"
"2118","transnational","5"
"2119","underline","5"
"2120","underpinnings","5"
"2121","unlike","5"
"2122","unlock","5"
"2123","urbanism","5"
"2124","urbanization","5"
"2125","utilize","5"
"2126","variable","5"
"2127","vulnerability","5"
"2128","absorb","4"
"2129","abundant","4"
"2130","acceptance","4"
"2131","accessibility","4"
"2132","accomplish","4"
"2133","accounting","4"
"2134","addict","4"
"2135","adequately","4"
"2136","administration","4"
"2137","affirm","4"
"2138","affordable","4"
"2139","agrowth","4"
"2140","aid","4"
"2141","alier","4"
"2142","altogether","4"
"2143","ambiguous","4"
"2144","amsterdam","4"
"2145","analogy","4"
"2146","ancient","4"
"2147","anthropocentric","4"
"2148","anything","4"
"2149","apparently","4"
"2150","appreciate","4"
"2151","archaeological","4"
"2152","archaeologist","4"
"2153","argues","4"
"2154","argumentative","4"
"2155","articulation","4"
"2156","ascribe","4"
"2157","aside","4"
"2158","aspire","4"
"2159","attack","4"
"2160","attain","4"
"2161","attend","4"
"2162","attract","4"
"2163","audience","4"
"2164","beginning","4"
"2165","besides","4"
"2166","better","4"
"2167","binary","4"
"2168","bioeconomy","4"
"2169","black","4"
"2170","borrow","4"
"2171","british","4"
"2172","bundle","4"
"2173","buzzword","4"
"2174","calculate","4"
"2175","career","4"
"2176","carve","4"
"2177","catalan","4"
"2178","catalonia","4"
"2179","ceiling","4"
"2180","celebrate","4"
"2181","chain","4"
"2182","charge","4"
"2183","chart","4"
"2184","cheap","4"
"2185","chiapas","4"
"2186","circumstance","4"
"2187","civilisation","4"
"2188","closer","4"
"2189","closure","4"
"2190","coal","4"
"2191","collect","4"
"2192","combined","4"
"2193","comfort","4"
"2194","commission","4"
"2195","commit","4"
"2196","communist","4"
"2197","comprehensively","4"
"2198","con","4"
"2199","conceivable","4"
"2200","connotation","4"
"2201","consent","4"
"2202","constellation","4"
"2203","constitutive","4"
"2204","consumerist","4"
"2205","contentious","4"
"2206","continual","4"
"2207","continuation","4"
"2208","continued","4"
"2209","contract","4"
"2210","contradict","4"
"2211","contributes","4"
"2212","controversy","4"
"2213","coordinate","4"
"2214","cornelius","4"
"2215","cosmopolitan","4"
"2216","court","4"
"2217","culturally","4"
"2218","daly","4"
"2219","damaging","4"
"2220","danger","4"
"2221","death","4"
"2222","decarbonisation","4"
"2223","declare","4"
"2224","defender","4"
"2225","defense","4"
"2226","democratization","4"
"2227","depart","4"
"2228","deployment","4"
"2229","deregulation","4"
"2230","descent","4"
"2231","deserve","4"
"2232","developer","4"
"2233","diagnosis","4"
"2234","die","4"
"2235","differ","4"
"2236","diffuse","4"
"2237","disciplinary","4"
"2238","discrepancy","4"
"2239","disease","4"
"2240","disobedience","4"
"2241","displace","4"
"2242","dispute","4"
"2243","disrupt","4"
"2244","disruptive","4"
"2245","distance","4"
"2246","distributed","4"
"2247","distributional","4"
"2248","diverge","4"
"2249","domain","4"
"2250","doubt","4"
"2251","downturn","4"
"2252","dream","4"
"2253","driving","4"
"2254","dwelling","4"
"2255","eastern","4"
"2256","echo","4"
"2257","ecomodernism","4"
"2258","economies","4"
"2259","ecosocialist","4"
"2260","edge","4"
"2261","elicit","4"
"2262","empowerment","4"
"2263","enact","4"
"2264","enclosure","4"
"2265","energetic","4"
"2266","engender","4"
"2267","engineering","4"
"2268","england","4"
"2269","enjoy","4"
"2270","enlightenment","4"
"2271","enthusiasm","4"
"2272","entirely","4"
"2273","entropy","4"
"2274","erode","4"
"2275","escobar","4"
"2276","eternal","4"
"2277","everingham","4"
"2278","excellent","4"
"2279","exception","4"
"2280","exhaustion","4"
"2281","expert","4"
"2282","extended","4"
"2283","extinction","4"
"2284","fairly","4"
"2285","farm","4"
"2286","felt","4"
"2287","fill","4"
"2288","firstly","4"
"2289","focal","4"
"2290","forest","4"
"2291","freely","4"
"2292","frugality","4"
"2293","gendered","4"
"2294","geographer","4"
"2295","globalisation","4"
"2296","gramsci","4"
"2297","gramscian","4"
"2298","habitat","4"
"2299","halt","4"
"2300","head","4"
"2301","healthcare","4"
"2302","heart","4"
"2303","heavily","4"
"2304","heavy","4"
"2305","herman_daly","4"
"2306","heterodox","4"
"2307","heterogeneity","4"
"2308","higgins_desbiolles","4"
"2309","horizon","4"
"2310","horizontal","4"
"2311","host","4"
"2312","humane","4"
"2313","hunger","4"
"2314","identification","4"
"2315","imagined","4"
"2316","immediate","4"
"2317","incompatibility","4"
"2318","incumbent","4"
"2319","independence","4"
"2320","index","4"
"2321","induced","4"
"2322","industrialization","4"
"2323","inequitable","4"
"2324","inevitability","4"
"2325","inflation","4"
"2326","influential","4"
"2327","inhabit","4"
"2328","insofar","4"
"2329","interact","4"
"2330","interdependency","4"
"2331","intergovernmental","4"
"2332","interlinked","4"
"2333","internet","4"
"2334","intrinsic","4"
"2335","investor","4"
"2336","invisible","4"
"2337","invite","4"
"2338","involvement","4"
"2339","isolation","4"
"2340","ivan_illich","4"
"2341","john","4"
"2342","judge","4"
"2343","keynesian","4"
"2344","laboratory","4"
"2345","leadership","4"
"2346","legitimacy","4"
"2347","liberal_democracy","4"
"2348","limitless","4"
"2349","linear","4"
"2350","linkage","4"
"2351","loan","4"
"2352","localisation","4"
"2353","logical","4"
"2354","loop","4"
"2355","loser","4"
"2356","loss_biodiversity","4"
"2357","low_tech","4"
"2358","magazine","4"
"2359","man","4"
"2360","marginalize","4"
"2361","maximization","4"
"2362","mediate","4"
"2363","medical","4"
"2364","mental","4"
"2365","mentality","4"
"2366","merit","4"
"2367","meta","4"
"2368","metal","4"
"2369","metropolitan","4"
"2370","mindset","4"
"2371","mineral","4"
"2372","mistake","4"
"2373","mobilization","4"
"2374","moderate","4"
"2375","modernist","4"
"2376","modify","4"
"2377","moment","4"
"2378","month","4"
"2379","mount","4"
"2380","municipal","4"
"2381","navigate","4"
"2382","near","4"
"2383","nearly","4"
"2384","negotiate","4"
"2385","neo_liberalism","4"
"2386","nicholas_georgescu","4"
"2387","normal","4"
"2388","obsolescence","4"
"2389","occurrence","4"
"2390","offering","4"
"2391","offs","4"
"2392","optimal","4"
"2393","organic","4"
"2394","originality","4"
"2395","oslo","4"
"2396","pace","4"
"2397","package","4"
"2398","paradoxical","4"
"2399","pass","4"
"2400","peace","4"
"2401","peak","4"
"2402","pedagogy","4"
"2403","pension","4"
"2404","persist","4"
"2405","persistence","4"
"2406","person","4"
"2407","pessimistic","4"
"2408","peter","4"
"2409","picture","4"
"2410","pleasure","4"
"2411","polanyian","4"
"2412","politicise","4"
"2413","pool","4"
"2414","popularity","4"
"2415","postcolonial","4"
"2416","precarious","4"
"2417","prefigure","4"
"2418","presentation","4"
"2419","preservation","4"
"2420","press","4"
"2421","prevail","4"
"2422","proactive","4"
"2423","proceeds","4"
"2424","propel","4"
"2425","questioning","4"
"2426","rare","4"
"2427","realise","4"
"2428","realistic","4"
"2429","realization","4"
"2430","rebuild","4"
"2431","reclaim","4"
"2432","recommendation","4"
"2433","reconceptualization","4"
"2434","reconfiguration","4"
"2435","recovery","4"
"2436","redefinition","4"
"2437","refers","4"
"2438","reframing","4"
"2439","regenerate","4"
"2440","regulate","4"
"2441","reinvent","4"
"2442","relentless","4"
"2443","reliance","4"
"2444","religion","4"
"2445","remind","4"
"2446","remote","4"
"2447","renewables","4"
"2448","reorientation","4"
"2449","residential","4"
"2450","respective","4"
"2451","reuse","4"
"2452","reveals","4"
"2453","revival","4"
"2454","rhetoric","4"
"2455","ring","4"
"2456","robert","4"
"2457","roegen","4"
"2458","route","4"
"2459","safety","4"
"2460","saving","4"
"2461","scalar","4"
"2462","sceptical","4"
"2463","sdg","4"
"2464","secular_stagnation","4"
"2465","seemingly","4"
"2466","selection","4"
"2467","self_limitation","4"
"2468","separation","4"
"2469","shifting","4"
"2470","sign","4"
"2471","significance","4"
"2472","simplicity","4"
"2473","simulation","4"
"2474","sink","4"
"2475","sit","4"
"2476","smart","4"
"2477","smith","4"
"2478","sobriety","4"
"2479","sociological","4"
"2480","spark","4"
"2481","specify","4"
"2482","spectrum","4"
"2483","speed","4"
"2484","storage","4"
"2485","strain","4"
"2486","strategies","4"
"2487","street","4"
"2488","student","4"
"2489","subjective","4"
"2490","sufficiently","4"
"2491","suit","4"
"2492","sum","4"
"2493","supplement","4"
"2494","supporter","4"
"2495","suppose","4"
"2496","syndrome","4"
"2497","teacher","4"
"2498","temporary","4"
"2499","ten","4"
"2500","theorize","4"
"2501","thread","4"
"2502","tim","4"
"2503","toll","4"
"2504","translation","4"
"2505","trouble","4"
"2506","truth","4"
"2507","turner","4"
"2508","unconditional","4"
"2509","uncover","4"
"2510","underdeveloped","4"
"2511","undertake","4"
"2512","uneven","4"
"2513","unexplored","4"
"2514","unfortunately","4"
"2515","uptake","4"
"2516","urgency","4"
"2517","valuation","4"
"2518","variant","4"
"2519","vary","4"
"2520","vice","4"
"2521","victor","4"
"2522","vienna","4"
"2523","viewpoint","4"
"2524","wake","4"
"2525","warming","4"
"2526","weakness","4"
"2527","web","4"
"2528","west","4"
"2529","willing","4"
"2530","wind","4"
"2531","winner","4"
"2532","worthy","4"
"2533","writing","4"
"2534","year_ago","4"
"2535","yield","4"
"2536","young","4"
"2537","zorzin","4"
